Id;SplBatch;SplMass;StdC23;Origin;Group;SamplingDate;C14.0;C15.0iso;C15.0anteiso;C15.0;C16.0iso;C16.0;C16.1w7;C18.0;C18.1w9;C18.1w7;C18.2w6;C19.0;C18.3w3;C18.4w3;C20.0;C20.1w9;C20.1w7;C20.2w6;C21.0;C20.4w6;C20.5w3;C22.0;C22:1w11;C22.1w9;C23.0;C23.1w9;C22.5w6;C22.6w3;C24.1w9
HF_F04GL10;1;55.2;30;BornW;Wild;02/12/2019;32.48;27.14;9.4;10.63;13.02;88.25;49.57;73.65;52.55;72.42;36.01;17.25;12.81;12.13;39.39;123.03;8.94;22.67;20.68;358.94;186.31;38.96;6.39;20.08;116.34;89.43;19.53;24.75;32.71
HF_F05GL10;1;52.4;30;BornW;Wild;02/12/2019;85.75;66.41;25.22;31.02;34.96;366.42;119.02;207.84;134.66;185.21;104.27;51.98;3.93;26.51;134.71;433.76;25.16;81.56;75.77;1343.54;560.86;79.61;32.13;92.09;474.21;296.89;71.76;75.99;119.68
HF_F10GL10;1;52.4;30;BornW;Wild;02/12/2019;128.6;111.9;41.7;39.3;51.3;278;179;377.4;165.5;322.3;95;108.8;46;42.5;263.8;774.82;55.2;145.4;134.9;2332.6;1177.8;146.8;53.28;177.8;689.8;669.3;141.4;174;273.2
HF_M01GL10;1;46.6;30;BornW;Wild;02/12/2019;31.29;28.17;9.61;9.25;13.25;67.67;42.81;74.73;26.57;68.81;12;19.14;10.33;10.23;44.94;148.64;8.2;24.41;27.33;423.59;194.41;50.21;6.18;24.81;113.28;104;20.11;30.67;36.94
HF_M02GL10;1;52.7;30;BornW;Wild;02/12/2019;158.87;114.02;36.45;40.19;55.33;361.66;250.67;267.41;130.96;247.34;82.57;69.89;4.81;52.38;158.2;422.03;31.42;81.55;84.34;1180.95;763.25;77.8;28.05;78.09;457.74;252.99;81.7;103.05;107.91
HF_M03GL10;1;63;30;BornW;Wild;02/12/2019;99.8;94.1;38.7;31.3;47;266.8;144.4;317.9;102.7;247.5;61.2;88.3;26.3;32.6;236.5;674.12;43.4;124.8;151.2;1849.7;1016;178.1;52.24;170.3;625.1;570.6;135.8;126.2;242.5
HF_M06GL10;1;63.6;30;BornW;Wild;02/12/2019;78.33;57.39;21.05;24.99;26.41;258;87.59;133.5;77.88;125.86;47.08;28.23;27.78;21.39;89.63;188.82;14.38;37.95;32.44;619.76;294.13;69.31;13.06;46.27;103.37;100.29;35.11;49.12;62.01
HF_F04GL11;1;44.9;30;BornW;Wild;22/01/2020;138.27;142.03;62.27;47.99;72.47;283.91;241.86;232.67;126.82;248.22;83.44;60.7;5.73;37.37;156.59;395.46;25.63;72.4;NA;1128.61;620.8;87.77;30.87;85.2;493.18;298.58;78.23;93.11;112.94
HF_M01GL11;1;63.8;30;BornW;Wild;22/01/2020;97.3;120.7;46.8;38.1;80.9;607.3;184;379.8;203.5;350.9;135.8;126.1;49.9;45.3;328.2;1044.24;70.7;186.1;212;3139.2;1750.5;220.4;6.12;200.7;637.1;789.1;212.4;190.4;317.3
HF_M02GL11;1;58;30;BornW;Wild;22/01/2020;61;53.9;21.6;22.7;32.9;247.3;108.5;246.1;124.8;204.8;82.2;74.3;35.3;26.5;189.5;597.67;40.7;107.3;120.5;1716.1;1081.2;109.8;34.73;114.7;598.9;536.3;136.9;112.4;189
HF_M03GL11;1;54.1;30;BornW;Wild;22/01/2020;131.9;109.4;42.7;40.1;58;369.9;186.4;248.5;170;245.6;112.5;64.1;51.3;41;155.8;487.78;36.8;91.1;111.4;1327.1;733.4;97.4;34.72;98.7;641.7;427.1;101.7;102.6;157.5
HF_F01GL12;1;48.6;30;BornW;Wild;16/03/2020;94.8;82;37.9;30.1;42.5;241;148.5;241.7;117.7;190.3;75;64.8;37.9;35.8;158.6;444.16;26.7;80.7;93.6;1168.7;701.7;107.5;38.21;99.3;599;362.7;85.3;86.2;168.8
HF_F02GL12;1;58.3;30;BornW;Wild;16/03/2020;30.31;25.86;13.15;8.83;13.37;79.4;40.73;80.06;53.86;63.68;30.2;30.16;14.08;16.52;59.57;208.1;22.29;33.75;35.57;525.33;273.41;29.22;32.19;11.57;244.6;141.97;26.9;28.38;52.86
HF_F03GL12;1;55.2;30;BornW;Wild;16/03/2020;54.6;43.9;16.3;17.8;24.6;151.9;100.3;183.7;70.3;120.5;33.9;36.4;19.6;22.9;84.7;230.25;17.4;42;55.1;658.7;398.7;56.5;20.42;61.1;583.7;237.4;63.7;58.2;87.8
HF_F04GL12;1;33;30;BornW;Wild;16/03/2020;30.8;26.1;9.3;10.2;13.8;79.4;51.4;94.8;62.9;68.7;34.1;24.6;13;11.7;57;173.58;14.5;29.8;36.8;467.2;290.2;37;14.7;45.3;672.3;196.5;52.4;43.5;71.5
HF_F01GL13;1;45.9;30;BornW;Wild;22/05/2020;103.1;76.8;29.9;29.7;46.7;312.3;176.6;240.7;102.4;212.8;29.9;73.8;27.4;44.2;219.3;595.59;33.1;105.3;140.1;1930.8;988;125.8;45.83;122;421.2;414.6;106.4;109.7;155.6
HF_F05GL13;1;64.1;30;BornW;Wild;22/05/2020;119.3;90.1;38.5;36.7;52.4;274.1;208.8;208.6;124.8;198.1;47.1;56.1;27.8;44.8;139.1;423.66;28;76.7;74.3;1103.5;578.2;72.4;37.92;92.5;616;347.7;86.5;115.1;149.5
HF_M02GL13;1;50.6;30;BornW;Wild;22/05/2020;54.88;40.64;15.47;16.34;26.03;127.5;103.67;122.95;72.46;139.23;38.25;35.28;3.4;21.04;82.56;279.86;16.06;47.28;56.19;790.73;412.04;46.48;23.76;63.71;305.38;189.31;41.94;49.92;65.25
HF_M03GL13;1;49.1;30;BornW;Wild;22/05/2020;210.4;126.6;50.3;52.4;84.6;481.1;336.6;390;136;242;70.4;84;35.5;84.5;205.2;431.64;44.4;102.5;121.6;1124;830.1;114.7;52.31;108.1;587.1;340.8;131.2;173.1;187.3
HF_M04GL13;1;40.6;30;BornW;Wild;22/05/2020;136.34;86.72;31.71;35.82;57.65;344.96;232.41;259.37;108.68;189.07;46.58;54.68;5.2;57.64;137.94;348.14;28.92;66.84;NA;939.18;663.42;61.44;26.81;74.49;491.58;239.74;82.56;135.38;103.57
HF_F04GL14;1;53.5;30;BornW;Wild;03/07/2020;28.2;21.02;7.18;8.07;11.98;59.52;50.59;49.31;25.31;41.41;12.53;10.92;5.51;9.37;20.58;51.88;4.86;9.86;11.09;126.79;96.73;21.52;4.53;9.58;95.25;32.74;10.17;25.96;14.48
HF_F05GL14;1;52.5;30;BornW;Wild;03/07/2020;111.16;79.76;26.74;31.01;50.32;228.97;164.27;249.58;89.05;182.78;42.09;59.98;4.56;36.77;133.74;377.23;23.02;63.68;NA;971.67;520.15;68.42;34.33;83.72;334.7;253.65;67.19;117.19;86.45
HF_M01GL14;1;44.2;30;BornW;Wild;03/07/2020;164.5;117.3;39.4;45.9;69.6;355.9;268.3;274.7;120.8;232.5;46.1;57.5;30.5;59.9;148.4;413.92;32.8;83.1;88.8;1099.8;795;88.8;37.82;104.7;572.1;313.3;80.9;225.7;150.3
HF_M02GL14;1;51.5;30;BornW;Wild;03/07/2020;125.56;84.48;28.35;31.98;46.36;292.48;224.14;270.59;87.57;152.69;49.15;50;3.98;55.67;107.09;249.09;21.2;48;50.79;596.87;560.53;52.16;25.73;56.96;414.03;162.1;52.17;112.67;73.38
HF_M03GL14;1;61.9;30;BornW;Wild;03/07/2020;25.24;18.69;6.16;7.24;10.81;49.1;47.28;48.38;19.42;40.05;6.98;10.99;4.94;10.51;20.91;65.04;4.28;11.96;11.72;164.96;108.59;21.76;3.64;12.63;101.03;40.91;9.87;26.63;18.29
HF_M06GL14;1;52.8;30;BornW;Wild;03/07/2020;92.64;71.36;29.12;32.02;59.92;251.12;165.8;187.7;97.48;149.23;49.59;60.58;11.94;49.23;89.99;223.34;24.55;63.5;56.21;608.71;434.92;48.83;22.48;62.58;411.31;140.82;56.69;91.34;60.99
HF_F02GL17;1;57;30;BornW;Wild;28/09/2020;39.37;27.49;10.29;10.59;15.41;125.78;64.26;99.76;114.3;59.03;25.2;19.07;9.97;16.01;38.83;99.96;8.64;19.33;21.91;260.7;150.89;18.3;7.76;18.55;262.61;80.52;12.61;39.17;18.37
HF_F03GL17;1;61.9;30;BornW;Wild;28/09/2020;23.26;15.87;6.38;7.36;11.19;81.34;37.47;102.19;59.33;58.79;31.44;21.25;6.82;8.28;47.49;153.51;9.04;28.02;27.24;377.84;247.04;21.93;8.63;26.01;184.55;112.46;26.89;26.5;38.3
HF_F05GL17;1;66.3;30;BornW;Wild;28/09/2020;27.21;18.36;7.79;7.71;10.5;95.39;38.88;103.75;92.91;58.14;33.38;20.52;9.08;10.38;54.49;158.57;9.53;26.27;27.59;399.91;211.54;24.4;7.14;22.31;156.54;110.69;23.98;24.69;43.17
HF_M01GL17;1;71.7;30;BornW;Wild;28/09/2020;48.73;24.7;9.17;12.4;13.47;284.06;78.66;182.37;336.07;98.05;51.06;33.82;11.42;18.53;68.95;271.65;23.73;49.99;46.14;601.06;410.32;33.56;18.71;48.77;254.59;231.72;51.36;46.3;74.24
HF_M04GL17;1;52.5;30;BornW;Wild;28/09/2020;158.3;105.4;39.9;42.8;54.6;356.1;206.8;262.3;126.2;213;52.2;58.7;33.2;53;156.5;470.47;29.3;83.2;94.3;1252.8;744.6;99.1;41.9;88.7;664.2;379;83;125.3;154.2
HF_M06GL17;1;77.8;30;BornW;Wild;28/09/2020;109.24;91.38;44.21;28.53;44.96;199.81;146.3;157.73;186.04;155.97;63.25;33.9;16.98;28.51;101.43;225.86;19.96;43.62;43.31;622.95;356.81;36.29;18.02;40.54;209.58;174.29;27.72;50.06;51.31
HF_F01GL18;1;69.3;30;BornW;Wild;11/01/2021;44.15;33.48;12.65;14.67;17.85;157.71;74.97;120.11;159.59;74.69;35.09;23.53;8.52;14.83;48.78;152.49;11.3;24.94;29.29;368.57;211.42;25.98;8.97;29.06;233.59;111.25;22.1;52.42;41.59
HF_F03GL18;1;64.4;30;BornW;Wild;11/01/2021;111.51;82.87;37.34;36.47;44.8;295.22;172.86;217.57;178.96;168.36;66.14;33.96;29.86;38.78;95.04;221.87;17.57;42.45;47.51;627.03;400.17;43.1;11.98;38.74;196.16;150.92;33.76;65.18;53.83
HF_F04GL18;1;58;30;BornW;Wild;11/01/2021;179.1;100.6;41.6;46.1;55.4;648.9;213.9;465.3;497.4;230.8;86.2;72.9;28.9;59.9;174;540.27;32.6;88.1;109.7;1277;814;107.3;41.84;119.3;693.7;431.3;104.2;131;181
HF_M02GL18;1;60.1;30;BornW;Wild;11/01/2021;35.98;26.99;11.14;11.87;17.43;122.8;45.9;88.24;28.38;50.95;8.61;17.45;8.77;10.88;45.43;98.34;6.71;17.22;24.91;293.68;171.38;41.2;5.47;16.01;124.8;71.31;19.04;26.65;30.34
HF_M05GL18;1;68.4;30;BornW;Wild;11/01/2021;28.17;19.32;7.49;10.04;11.49;105.38;44.35;68.61;150.3;52.69;46.17;13.46;8.68;7.5;35.89;130.76;7.53;19.89;23.36;329.75;164.14;18.36;6.92;20.86;163.42;95.87;14.95;25.89;38.28
HF_M06GL18;1;65.3;30;BornW;Wild;11/01/2021;65.21;54.51;20.91;24.1;35.5;279.84;95.35;153.82;141.39;119.39;42.59;34.06;17.78;20.18;75.57;205.42;13.56;40.12;49.82;565.52;350.09;95.53;11.38;44.4;229.13;169.68;42.35;67.64;70.39
HF_F04GL20;1;64.9;30;BornW;Wild;08/03/2021;66.5;56.3;23.18;22.06;30.92;183.7;83.89;124.41;106.58;101.55;28.08;27.12;16.26;16.43;62.94;132.29;10.4;21.8;37.56;350.19;179.51;27.53;24.98;6.79;95.9;89.35;20.29;29.55;33.52
HF_F05GL20;1;62.2;30;BornW;Wild;08/03/2021;66.74;53.51;21.56;20.82;26.98;205.38;94.52;143.97;173.71;131.82;51.38;30.92;23.34;21.06;82.34;221.5;13.41;34.53;45.42;663.36;316.38;34.87;33.53;10.95;101.33;144.43;28.51;37.91;51.4
HF_M01GL20;1;62.5;30;BornW;Wild;08/03/2021;33.25;22.75;9.21;9.76;12.38;145.52;42.16;81.82;134.97;55.38;29.88;13.96;9.36;8.58;38.1;108.16;6.34;15.11;23.92;303.13;134.13;20.78;18.41;5.31;119.78;78.13;14;17.14;24.18
HF_M02GL20;1;63.9;30;BornW;Wild;08/03/2021;39.72;29.29;11.71;10.68;15.37;126.79;50.73;82.77;130.31;69.05;26.51;20.32;10.12;9.24;42.68;109.43;8.04;16.19;28.68;321;166.26;21.03;21.8;5.95;129.14;78.46;15.79;23.51;24.42
HF_M03GL20;1;62.4;30;BornW;Wild;08/03/2021;36.37;27.64;10.67;9.6;15.61;108.01;50.3;75.43;104.24;62.7;26.07;18.57;10.8;11.73;41.87;115.94;8.27;16.88;25.41;315.15;169.93;16.38;26.67;6.09;102.78;75.86;14.19;24.05;25.43
HF_M06GL20;1;62.7;30;BornW;Wild;08/03/2021;74.43;65.82;25.72;23.33;38.03;171.89;115.35;142.54;107.94;131.72;34.2;34.71;18.66;23.47;84.77;241.08;15.71;37.99;53.41;710.97;375.01;40.39;59.12;11.1;111.74;167.03;36.87;54.32;58.31
HF_F01GL22;1;74.1;30;BornW;Wild;28/05/2021;65.86;43.83;19.61;17.85;27.86;137.48;121.07;133.27;97.96;101.7;37.51;29.95;14.44;31.81;68.33;194.06;17.03;36.1;39.67;533.91;397.38;29.93;9.33;38.98;170.2;150.61;35.43;63.38;51.87
HF_F04GL22;1;60.9;30;BornW;Wild;28/05/2021;36.64;16.15;6.47;7.88;11.87;122.2;91.11;99.4;134.6;70.62;43.67;17.92;11.96;23.93;43.43;153.03;9.34;25.1;33.65;419.74;280.04;26.46;6.75;24.08;179.98;120.92;20.16;31.97;39.77
HF_F07GL22;1;63.8;30;BornW;Wild;28/05/2021;86.71;56.16;24.57;20.25;37.38;163.36;238.29;171.89;95.39;134.36;41.05;35.62;21.23;73.03;76.22;204.98;21.42;44.21;46.08;613.6;548.17;38.79;10.97;48.65;181.2;170.13;34.62;77.18;60.37
HF_F08GL22;1;57.3;30;BornW;Wild;28/05/2021;65.98;46.92;20.96;16.16;25.97;125.9;140.19;142.29;73.76;121.8;31.76;30.21;17.46;43.1;63.31;179.75;14.65;35.23;36.3;496.83;353.36;27.57;7.69;31.04;172.74;131.62;32.33;57.69;40.88
HF_M02GL22;1;55.5;30;BornW;Wild;28/05/2021;105.45;80.1;33.55;30.26;46.19;216.3;178.37;180.29;145.3;164.27;51.87;34.2;28.26;44.33;80.11;185.94;18.01;39.32;38.3;543.95;385.97;33.46;12.26;38.79;148.49;129.61;29.07;75.63;47.68
HF_M03GL22;1;54.5;30;BornW;Wild;28/05/2021;104.31;67.1;26.13;22.7;41.97;192.11;333.21;216.64;130.74;167.3;50.4;35.98;26.92;88.48;79.11;184.4;20.83;40.12;39.29;463.24;556.12;29.7;8.83;30.23;158.74;113.05;36.42;108.19;41.89
HF_M05GL22;1;60.7;30;BornW;Wild;28/05/2021;69.64;36.28;14.61;15.43;25.8;187.05;189.17;208.64;135.11;122.58;53.05;30.57;18.03;56.2;75.25;167.8;16.67;38.41;44.07;511.39;458.01;33.78;10.6;36.04;165.27;137.02;34.64;74.08;42.67
HF_M06GL22;1;55.9;30;BornW;Wild;28/05/2021;47.86;22.72;9.6;12.41;14.82;127.68;126.59;106.31;63.55;64.5;24.38;15.16;9.58;37.6;36.74;86.73;10.48;19.89;21.42;252.88;242.65;38.45;8.03;18.29;128.61;64.67;17.72;39.32;28.86
HF_M09GL22;1;62.2;30;BornW;Wild;28/05/2021;126.9;64.99;27.16;32.59;44.49;258.97;284.18;222.87;174.38;145.72;61.67;35.57;25.1;85.21;73.79;179.04;19.87;38.21;40.14;480.72;507.7;30.19;9.15;31.93;159.86;118.35;32.64;82.71;42.59
HF_F02GL23;1;66.4;30;BornW;Wild;16/07/2021;117.27;108.89;39.12;39.06;67.18;233.41;176.42;142.48;82.78;180.73;35.23;34.06;32.53;39.51;73.4;165.47;16.12;32.97;45.08;469.5;228.61;38.52;51.67;9.61;114.05;103.1;26.17;53.45;41.99
HF_F05GL23;1;67;30;BornW;Wild;16/07/2021;51.19;44.33;16.45;14.29;30.39;100.37;89.28;112.22;60.05;88.75;20.18;23.04;14.66;21.57;45.24;113.11;8.19;20.13;28.21;306.56;165.47;22.26;35.99;6.66;112.62;68.54;14.08;30.39;24.21
HF_F06GL23;1;67.5;30;BornW;Wild;16/07/2021;45.89;34.19;14.68;11.52;19.18;86.2;87.08;88.73;54.73;64.41;16.3;21.34;9.82;21.05;46.02;111.68;6.71;16.22;29.81;262.36;188.76;22.18;17.56;6.34;106.07;73.69;12.53;32.15;24.99
HF_M01GL23;1;60.7;30;BornW;Wild;16/07/2021;41.3;24.38;8.45;10.3;16.05;136.3;70.48;93.22;123.47;61.38;27.54;15.97;9.57;19.05;29.17;90.76;6.87;16.59;23.4;213.38;164.74;20.46;17.32;5.87;114.26;61.36;9.55;34.11;25.61
HF_M03GL23;1;60.6;30;BornW;Wild;16/07/2021;48.28;30.43;12.16;12.45;18.84;108.39;84.7;80.54;71.33;63.35;18.77;14.43;9.93;22.64;30.9;87.51;6.56;14.44;19.56;211.88;166.22;16.69;17.28;4.84;95.61;52.82;9.49;29.5;21.16
HF_M04GL23;1;64.5;30;BornW;Wild;16/07/2021;53.82;38.13;13.78;14.86;24.09;130.49;91.53;104.55;85.35;90.74;24.12;25.16;13.13;22.59;50.19;164.92;11.24;25.65;37.22;418.42;274.03;25.85;33.78;7.33;104.38;112.37;23.63;51.9;35.73
HF_F01GL34;1;65.7;30;BornW;Wild;28/05/2021;64.7;42.08;18.48;15.3;26.36;131.97;121.33;113.51;81.5;101.41;22;25.1;13.8;33.7;53.53;135.83;12.5;25.09;28.15;370.05;287.57;22.35;29.76;6.95;103.74;90.92;24.67;44.01;33.36
HF_F04GL34;1;57.7;30;BornW;Wild;28/05/2021;7.14;4.03;NA;1.89;2.97;27.67;13.5;26.07;19.44;17.12;5.48;5.79;NA;4.62;11.62;31.47;NA;4.75;8.73;94.2;53.9;7.85;6.42;6.42;117.59;23.81;5.13;4.9;8.04
HF_F07GL34;1;55.8;30;BornW;Wild;28/05/2021;26.3;14.75;6.1;5.77;9.3;66.96;61.57;59.06;49.18;54.23;14.17;11.81;7.42;18.58;25.65;62.91;5.23;12.89;16.49;197.97;154.27;14.93;13.83;3.68;110.26;45.02;9.11;16.36;14.82
HF_F08GL34;1;59;30;BornW;Wild;28/05/2021;33.51;24.2;11.03;7.94;12.64;67.24;64.27;59.81;41.34;56.31;14.7;13.65;7.39;17.19;28.88;65.13;5.3;13.19;16.41;202.14;140.48;13.01;13.03;3.15;123.75;41.82;11.31;18.79;14.09
HF_M02GL34;1;52.8;30;BornW;Wild;28/05/2021;46.88;38.73;16.3;13.22;21.51;94.92;83.64;83.87;50.79;86.89;16.56;17.47;13.89;20.56;37.76;81.97;7.6;16.99;17.06;239.83;176.13;15.94;17.95;4.34;109.97;50.2;14.65;32.1;19.05
HF_M03GL34;1;53.3;30;BornW;Wild;28/05/2021;66.5;44.45;17.54;14.14;26.47;119.69;186.21;131.13;80.44;105.69;29.15;23.82;15.35;45.39;49.14;115.59;11.25;23.11;24.93;282.83;293.46;19.22;24.5;5.47;87.16;66;22.18;48.97;26.12
HF_M05GL34;1;54.3;30;BornW;Wild;28/05/2021;39.42;24.21;10.06;9;15.4;81.57;90.35;80.99;47.44;72.24;18.11;18.91;10.21;25.97;42.61;91.32;7.52;18.67;27.31;269.45;206.57;20.78;18.22;6.22;101.93;70.05;15.89;26.09;21.95
HF_M06GL34;1;54.2;30;BornW;Wild;28/05/2021;44.92;22.42;9.81;9.99;14.92;96.75;125.54;87.68;63.8;65.13;21.72;14.89;9.81;34.8;30.33;74.97;8.08;15.57;17.55;207.2;196.33;14.04;14.86;4.31;101.09;51.45;13.59;27.23;16.57
HF_F01GL5;1;31.1;25;BornW;Wild;30/04/2019;151.4;117;44.1;50.2;72.3;404.5;236.8;327.7;146.1;243.5;59.5;64.3;45.5;67.5;145.1;389.72;36.4;72.7;103.6;1140.9;630.2;94.4;29.24;92.1;959.5;279.4;83.6;111.6;108.7
HF_F02GL5;1;29.1;25;BornW;Wild;30/04/2019;90;68.7;33.2;27.7;35.6;199.1;167.5;150.6;76.3;151.5;28;30.3;31.6;46.4;62.9;136.26;15.2;29.2;32.2;444.5;328.8;29.3;8.84;31.5;622.8;90.1;24.5;44.6;29.4
HF_F04GL5;1;43.1;30;BornW;Wild;30/04/2019;138.6;92.4;40.9;48.8;62.2;313.6;230.7;285.7;145;285.5;47.9;75.7;43.5;66.1;164.4;467.1;35.9;83.4;105.1;1306.3;863.1;95;34.42;106.5;952.6;322.3;83.7;103.1;119.4
HF_M03GL5;1;32.2;30;BornW;Wild;30/04/2019;133.6;91.4;35;35.5;46.1;255.9;213.4;210.3;89;187.2;33.3;46.1;27.9;49.6;91.6;228.81;22.3;41.5;52.4;640.8;505.4;44.4;12.29;42.3;854.8;145.8;38.4;74.7;48.3
HF_M06GL5;1;31.8;30;BornW;Wild;30/04/2019;22.37;18.27;6.6;8.14;10.46;58.92;34.98;48.88;23.69;55.94;7.65;13.03;7.46;10.75;31.58;101.87;6.22;18.66;22.62;291.75;163.38;39.98;4.2;22.08;222.48;79.58;12.75;20.74;28.76
HF_M07GL5;1;45;30;BornW;Wild;30/04/2019;43.77;41.54;13.21;14.49;22.75;100.59;71.78;98.53;34.3;109.43;12.16;31.91;16.09;19.98;64.1;181.27;12.33;31.78;42.57;556.04;282.48;72.21;8.42;42.21;254.66;136.68;27.62;46.3;47.28
HF_F01GL6;1;42.5;40;BornW;Wild;02/05/2019;324.93;246.03;102;97.35;158.65;1076.51;604.85;759.04;291.94;619.69;135.72;190.79;102.89;160.29;415.06;1132.79;95.87;234;236.71;3370.34;2275.06;235.31;72.34;253.79;1263.4;819.94;227.33;288.28;365.71
HF_F05GL6;1;39;40;BornW;Wild;02/05/2019;88.47;73.46;21.42;26.14;33.58;201.17;139.13;227.92;71.57;201.34;39.94;56.94;7.35;36.06;139.02;419.48;27.55;70.58;87.59;1270.91;652.19;79.86;26.89;81.22;916.66;298.96;77.87;81.12;106.26
HF_F06GL6;1;39;40;BornW;Wild;02/05/2019;76.9;64.6;24.3;25.9;34.8;198.6;144.1;187.4;71.6;150.6;35.5;40.3;20.3;31.9;116.5;296.3;21.2;53;66;905.7;476.2;52.3;21.29;72.2;1022.9;234.3;74.1;84.1;101.6
HF_F07GL6;1;41.7;40;BornW;Wild;02/05/2019;49.83;40.08;15.83;17.44;23.15;132.96;99.16;95.96;47.31;95.4;25.49;22.31;18.99;22.21;53.77;134;14.44;28.33;32.31;443.72;273.96;49.68;9.78;27.68;208.45;96.88;25.3;44.89;31.96
HF_F08GL6;1;38.6;40;BornW;Wild;02/05/2019;257;181.6;70.8;74.1;108.4;531.2;498.5;509.7;218.4;444;101.7;118.2;85.5;152.6;265.2;728.2;58.2;126.5;131;2199.1;1282.9;127.6;37.69;129.5;688.4;361.2;132.5;188.1;137.6
HF_M02GL6;1;40.1;40;BornW;Wild;02/05/2019;283;188.2;74.2;89.9;111.8;689.3;521.4;546.2;238.7;511.3;146.7;121.4;97.4;153.7;366.6;851.12;74.1;191.7;196.6;2833.9;1654.6;205.42;45.95;186.26;1210.5;582.9;188.1;240.3;262.6
HF_M03GL6;1;43;40;BornW;Wild;02/05/2019;177.9;148.7;58;65.6;75.2;445;314.9;338.5;154;332;85.8;69.8;55.1;84.6;182.8;405.04;40.7;92.3;89.8;1402.7;791.1;77.7;33.98;111.8;1342.5;274.4;94.8;132.2;133.3
HF_M04GL6;1;40.4;40;BornW;Wild;02/05/2019;131.6;121.1;50.6;48.7;66.2;322;252.1;239;109.7;286.9;54.1;63.6;38.3;65.3;147.9;379.36;33.7;75.2;98.4;1215.4;651.6;88.9;29.72;102.8;1013.7;301.6;70;127.4;119.1
HF_M09GL6;1;39.8;40;BornW;Wild;02/05/2019;45.9;31.5;12.5;14.1;18.4;168.4;74.8;104.5;136.9;84.4;23.2;16.1;10.9;19;36.3;96.93;9.2;18.2;18.9;335.3;215.8;17.5;7.05;20.1;146.4;58.3;27.2;43.6;30.8
HF_M11GL6;1;38.6;25;BornW;Wild;02/05/2019;243.1;168.3;67.3;64.8;104.9;515.9;556.6;555.8;218.6;518.5;107.1;141.3;77.7;140.4;326.6;856.38;75.6;170.4;204.2;2592.2;1929.8;203.9;60.55;204.4;840;642.8;192.6;254.3;235
HF_U01GL8;1;58.5;30;BornW;Wild;02/09/2019;172.6;134.1;54.2;49.9;68.2;382.3;283.8;337.5;127.3;296.8;53.1;74.4;36.5;52.5;182;501.89;39;92;86.5;1372.2;802.3;79.3;34.1;98;461.4;302;99.7;130.9;96.7
HF_U02GL8;1;45.4;30;BornW;Wild;02/09/2019;254.4;196.8;83.3;72.6;96.7;448.7;385.9;329.1;147.7;351.8;57;77.6;49.8;79.1;186.7;410.91;41.3;82.7;90.6;1114.3;719.9;87;32.74;98.9;748.9;303.7;93.6;160.6;103.6
HF_U03GL8;1;49.1;30;BornW;Wild;02/09/2019;45.08;36.05;11.82;14.52;16.8;107.04;75.41;101.88;29.32;86.2;7.52;25.09;5.79;12.07;47.4;173.4;11.15;27.08;31.09;422.81;250.03;51.26;6.82;30.71;146.48;110.15;26.48;51.49;36.72
HF_U04GL8;1;52.9;30;BornW;Wild;02/09/2019;220.69;168.54;61.05;53.01;78.09;348.83;307.01;329.08;118.25;305.42;47.9;76.61;5.93;63.31;153.96;405.95;36.23;72.08;76.65;1091.92;833.31;61.68;26.83;84.25;488.26;256.23;88.25;124.26;83.31
HF_U05GL8;1;54.1;30;BornW;Wild;02/09/2019;27.8;22.71;9.52;8.35;11.33;58.44;42.66;63.33;21.07;54.73;5.14;17.07;6.56;7.95;33.93;100.26;5.65;16.65;20.05;267.83;146.38;30.28;5.6;19.8;113.68;65.02;14.29;17.19;20.43
HF_U06GL8;1;NA;30;BornW;Wild;02/09/2019;50.7;39.4;14.9;18.6;19;301.6;91.3;282.5;66.2;147;12.8;53.7;14.6;14.7;114;366.41;29.1;59.8;91.1;1120.4;755.5;66;29.48;87.7;808.4;299.2;102.5;111.3;79.6
HF_U07GL8;1;65.4;30;BornW;Wild;02/09/2019;137;126.7;53.1;39.1;62.1;264.7;199.6;329.2;107.9;300.5;48.9;105.9;29.9;40.3;259.7;760;44.7;131.7;172.7;2090.4;1160.5;157.5;56.57;169.9;712.6;692.6;161.5;166.2;226.5
HF_U08GL8;1;59.5;30;BornW;Wild;02/09/2019;171.5;132.76;51.73;60.89;60.74;375.88;269.5;308.03;116.45;296.85;47.85;83.01;4.81;59.17;144.89;497.12;30.86;84.29;99.41;1292.28;826.41;79.69;33.57;105.53;469.32;301.97;75.33;135.11;87.75
HF_U36BZ04;2;50.2;30;BornW;Wild;17/09/2019;89.9;91.6;32.9;31.2;53.8;295.8;161.5;234.8;93.8;239.6;24.1;75.8;29.9;40.6;199.2;556.99;39.6;113.5;113.3;1624;801.2;95.7;43.58;139.2;552.2;431.8;137.4;151.2;155.7
HF_U37BZ04;2;42.4;30;BornW;Wild;17/09/2019;57.98;49.95;18.54;20.64;23.93;134.67;85;97.44;56.52;93.19;21.46;23.9;NA;21.45;47.33;125.09;11.2;24.23;25.96;374.28;213.45;21.75;9.37;26.58;290.26;92.41;29.83;38.81;28.27
HF_U38BZ04;2;72;30;BornW;Wild;17/09/2019;142.9;120.5;39.4;45.7;62.6;339.2;220.2;291.9;124.9;293.9;70.5;65.3;67.3;69.9;140.8;269.41;31.8;71.9;65.1;802.8;584.5;76.6;27.47;89.6;704;203.9;65.7;161.1;88.8
HF_U39BZ04;2;71.1;30;BornW;Wild;17/09/2019;138.5;125.5;40;39.3;67.7;264.7;224.4;426.9;151.3;354.3;81;112.5;83.2;102.2;260.8;708.22;50.8;145.9;139.9;1855.6;1154;144.2;57.36;192.4;612.3;566.5;131.5;208.8;214.6
HF_U40BZ04;2;53.4;30;BornW;Wild;17/09/2019;102;96.2;33.2;31.7;58.5;225.1;165.5;280.7;82.1;243.1;20.8;86.3;20.6;33.5;194.6;515.94;36.6;102.5;114.9;1475.1;909.5;89;32.59;110.8;431.6;299.2;125.3;145.9;111.8
HF_U43BZ04;2;57.7;30;BornW;Wild;17/09/2019;135.5;122.3;40;44.2;77.8;392;239.6;317.3;110;257.5;54.8;85.3;36.2;64.4;229.7;542.22;34.9;99.3;109.4;1480.1;759.4;86.1;32.28;97.4;421.2;263;107.8;152.9;92.6
HF_U44BZ04;2;64.9;30;BornW;Wild;17/09/2019;189.3;170.7;56.4;65.6;109.6;405.9;303.4;341.8;125.2;363.5;30.8;95;33;56.5;199.7;619.75;47.6;124.6;130.8;1727.6;989.2;116.5;40.24;148.8;568.3;388.1;131.9;214.2;139
HF_U46BZ04;2;69.7;30;BornW;Wild;17/09/2019;68.45;67.02;21.93;25.81;38.04;161.62;109.27;223.06;73.21;231.4;19.58;76.24;24.87;31.03;189.07;605.17;33.22;110.66;139.14;1759.58;849;129.71;46.38;148.27;520.42;429.87;126.64;157.56;186.48
HF_U01BZ05;2;63.1;30;BornW;Wild;31/01/2020;54.3;60.3;27.2;20.6;43.5;251.2;95.4;276.3;119.3;212;84.2;100.2;33.5;20.4;211.4;135.41;43.8;130;146.4;1869.4;1007;130.1;47.28;189.6;688.3;539.3;181.2;130.8;210.8
HF_U03BZ05;2;48.3;30;BornW;Wild;31/01/2020;53.7;49;19.8;22.4;36.8;251.5;77.3;246.5;96.1;178.7;50.1;75.3;18.5;17.2;171.5;543.58;34.2;103.4;122;1523;837.8;116.8;35.4;112.7;681.5;412.4;159.7;115;159.3
HF_U05BZ05;2;48.6;30;BornW;Wild;31/01/2020;124.47;143.43;51.82;65.95;76.31;662.86;199.41;495.81;277.02;490.6;210.22;174.36;28.23;50.88;363.38;1137.49;77.77;244.88;248.46;3783.26;1885.63;233.08;98.21;241.15;1143.26;651;255.3;209.44;273.63
HF_U07BZ05;2;39.4;30;BornW;Wild;31/01/2020;69.1;68.7;31.8;22.9;38.6;160.8;96.5;174.9;103.6;151.3;64.9;44.5;24.4;16.6;118.4;321.82;21.8;62.4;76.7;1015.2;529.1;75.4;29.39;84.1;710.2;298.4;88.3;87.3;137.2
HF_U09BZ05;2;31.3;30;BornW;Wild;31/01/2020;9.18;9.52;4.52;4.1;5.99;36.61;15.37;25.99;11.91;24.1;4.06;7.07;3.17;2.5;17.55;45.03;3.4;9.96;10.88;138.14;87.96;21.78;2.9;8.58;78.91;34.29;10.68;9.79;13.24
HF_U10BZ05 ;2;49.2;30;BornW;Wild;31/01/2020;58.6;60.3;27.5;22.2;34.1;181.4;70.8;158.5;78.2;159.1;40.1;55.7;14.1;13.4;144.4;438.22;28;76.4;112.6;1350.4;665.9;93.6;31.35;88.7;668.5;412.2;114.7;86.5;159.3
HF_U11BZ05;2;47.8;30;BornW;Wild;31/01/2020;55.84;38.14;16.2;21.37;23.82;363.14;58.28;317.42;77.16;90.53;71.94;28.53;20.17;8.1;78.61;215.6;13.99;38.01;50.32;645.84;358.68;99.56;7.54;45.12;320.47;162.86;51.84;45.8;61.32
HF_U12BZ05;2;45.4;30;BornW;Wild;31/01/2020;16.68;17.91;7.3;6.01;10.35;40.48;30.1;48.26;26.26;48.53;16.33;13.79;5.86;5.45;28.2;79.46;5.59;14.31;16.39;239.21;130.52;34.15;3.34;13.96;98.53;55.13;16.26;17.99;21.46
HF_124 BZ7;2;61.9;30;BornW;Wild;15/09/2020;37.97;31.28;10.97;14.02;20.43;102.37;63.2;129.48;81.22;83.78;30.57;36.87;11.37;11.02;78.78;230.15;14.45;40.27;50.69;639.63;378.28;37.2;11.03;40.94;198.15;175.88;49.39;50.8;39.09
HF_125 BZ7;2;52;30;BornW;Wild;15/09/2020;68.63;53.51;19.95;18.98;33.42;157.59;112.23;125.13;170.6;98.38;53.35;27.81;11.26;17.07;61.55;170.38;13.87;29.52;34.88;434.05;282.22;24.94;9.8;29.53;182.14;108.08;32.85;46.06;30.18
HF_126 BZ7;2;70.9;30;BornW;Wild;15/09/2020;21.11;16.47;6.64;7.25;11.85;92.03;34.36;91.33;142.89;74.06;46.86;27.67;12.91;5.43;70.21;244.21;11.65;38.69;46.89;687.64;300.76;36.64;11.98;40.41;180.8;181.77;39.08;29.21;58.69
HF_127 BZ7;2;63.8;30;BornW;Wild;15/09/2020;74.38;71.36;23.83;26.44;48.68;162.58;126.24;144.05;118.22;127.78;43.64;39.1;17.53;21.84;83.35;217.31;18.92;40.56;48.68;636.47;384.36;36.22;11.23;49.11;202.87;127.53;45.43;71.04;40.71
HF_128 BZ7;2;58.7;30;BornW;Wild;15/09/2020;22.63;18.92;7.45;10.57;14.35;113.91;29.06;169.34;76.43;75.46;40.99;31.67;11.42;5.38;74.69;251.82;17.61;45.86;49.34;719.07;364.37;37.08;15.65;46.34;203.35;173.05;46.1;41.44;60.24
HF_129 BZ7;2;67.2;30;BornW;Wild;15/09/2020;44.64;35;12.14;13.07;23.25;105.04;68.37;95.31;93.58;84.75;31.08;26.16;9.63;10.42;59.12;170.75;12.47;31.32;36.61;450.92;260.98;23.83;7.66;28.91;157.68;117.24;34.84;37.28;33.09
HF_131 BZ7;2;67.6;30;BornW;Wild;15/09/2020;40.44;29.87;10.87;12.63;23.31;141.27;61.22;145.56;107.52;66.13;41.53;22.57;10.25;9.84;50;139.89;9.52;26.31;30.93;370.97;195.78;24.33;6.64;26.98;178.98;88.72;25.4;27.28;27.27
HF_F01_Ros;3;57.3;30;BornW;Wild;20/04/2022;23.16;23.96;9.68;8.25;20.62;67.23;45.21;52.32;34;44.22;8.91;14.88;4.13;7.65;21.46;52.71;4.75;10.31;20.84;165.34;92.74;12.78;29.37;2.45;104.57;34.47;13.64;16.31;10.01
HF_F02_Ros;3;61;30;BornW;Wild;20/04/2022;53.94;52.44;21.56;16.12;41.15;112.39;107.53;90.74;87.85;90.38;20.2;27.77;10.73;17.57;44.24;117.24;9.76;21.11;34.47;321.42;195.01;21.39;56.32;4.59;111.08;74.46;27.23;36.03;25.64
HF_F03_Ros;3;57.7;30;BornW;Wild;20/04/2022;43.68;47.86;20.43;14.48;34.77;92.48;85.49;70.18;49.23;84.9;13.34;23.18;7.23;11.51;34.13;92.72;8.59;18.37;33.29;303.68;155.79;21.75;46.31;3.57;103.75;62.86;25.03;29.33;19.76
HF_F05_Ros;3;58.1;30;BornW;Wild;20/04/2022;9.69;8.41;3.69;3.32;6.62;44.87;15.84;36.89;39.24;25.19;8.2;6.7;NA;2.99;11.07;35.7;5.45;7.92;10.9;124.11;61.53;8.77;20.11;1.97;114.89;26.97;8.52;8.05;8.23
HF_F07_Ros;3;57.4;30;BornW;Wild;20/04/2022;14.89;8.61;3.53;3.75;7.26;68.44;17.41;42.87;64.01;32.23;13.53;9.03;3.34;3.18;14.57;49.15;3.14;9.12;13.28;166.31;70.01;11.85;24.82;2.35;148.32;33.26;9.27;7.51;14.34
HF_M08_Ros;3;55;30;BornW;Wild;20/04/2022;8.32;6.58;3.13;3.04;5.93;31.74;12.61;22.64;21.74;21.57;5.88;7.08;NA;2.23;11.28;55;2.14;5.56;11.06;103.6;47.97;8.32;14.43;4.45;109.58;22.78;6.73;5.61;7.63
HF_U04_Ros;3;58.5;30;BornW;Wild;20/04/2022;22.73;21.78;10.29;5.76;18.31;47.69;56.96;64.37;38.19;62.91;12.19;19.08;7.92;10.01;44.91;93.38;7.33;14.35;32.42;270.2;150.88;26.38;43.42;5.91;112.5;54.99;24.08;19.95;33.42
HF_U06_Ros;3;58.9;30;BornW;Wild;20/04/2022;11.91;9.26;3.67;3.7;9.31;43.62;23.26;39.41;35.23;28.67;10.36;9.32;3.77;4.95;19.35;52.44;3.91;9.65;17.73;188.53;91.28;13.73;32.11;2.96;115.17;31.87;15.71;11.18;16.41
HF_F02_Vfr;4;68.3;30;BornW;Wild;10/08/2022;124.65;58.15;22.3;25.18;26.97;487.34;238.31;151;97.56;93.91;30.42;22.18;17.37;48.61;33.69;83.21;7.78;19.28;19.5;247.98;243.07;12.39;3.22;24.01;74.59;37.76;27.38;24.47;13.21
HF_F03_Vfr;4;79.2;30;BornW;Wild;10/08/2022;80.93;46.35;18.49;18.9;20.79;188.24;163.21;89.83;49.02;61.19;18.88;15.16;10.28;26.42;20.02;56.23;5.48;12.73;12.59;167.28;144.29;8.63;2.1;21.04;58.62;27.68;15.74;14.87;7.91
HF_F05_Vfr;4;65.7;30;BornW;Wild;10/08/2022;79.79;40.06;16.72;17.4;18.93;218.8;166.8;150.68;132.81;78.12;32.56;23.97;14.27;33.28;33.55;85.4;8.44;19.31;21.35;259.98;226.06;12.26;3.32;25.87;85.18;55.32;29.49;20.45;12.08
HF_U01_Vfr;4;68.7;30;BornW;Wild;22/04/2022;46.97;17.11;3.57;11.34;9.35;203.6;48.8;221.04;68.26;80.03;25.02;30;20.63;19.77;58.99;249.74;35.52;46.71;37.93;453.68;286.49;14.98;21.33;65.48;128.87;235.13;36.19;20.65;84.1
HF_U04_Vfr;4;71.8;30;BornW;Wild;10/08/2022;69.46;42.24;17.66;15.65;19.61;159.06;150.92;132.32;63.77;104.31;24.39;26.36;14.71;31.02;40.18;131.5;11.08;27.78;28.11;347.33;283.6;19.16;5.51;35.93;91.19;70.4;44.15;26.11;19.65
HF_M07_Ma1;5;58;30;BornW;Wild;02/03/2022;55.3;22;10.58;27.93;11.59;343.51;153.89;106.77;155.8;53.74;48.49;12.25;12.33;9.26;34.16;158.63;15.53;22.02;24.29;285.47;85.89;30.54;6.57;9.46;83.99;37.34;7.27;7.3;38.74
HF_U03_Ma1;5;62.1;30;BornW;Wild;02/03/2022;10.55;3.92;2.18;2.86;NA;47.73;14.23;29.53;45.14;24.94;10.91;7.12;2.85;3.63;13.14;46.61;NA;4.94;10.99;119.6;61.7;2.57;2.06;10.1;56.31;27.81;4.78;NA;5.83
HF_U04_Ma1;5;52.9;30;BornW;Wild;02/03/2022;27.35;8.67;3.08;4.23;4.17;56.46;50.06;50.78;32.46;25.12;9.17;8.98;3.94;11.22;17.34;55.77;2.96;7.22;10.71;145.49;105.28;4.31;4.9;11.13;64.93;28.05;7.74;5.51;8.27
HF_U05_Ma1;5;55.8;30;BornW;Wild;02/03/2022;15.66;5.48;2.12;3.15;3.2;50.53;26.08;43.38;31.66;31.08;9.16;8.49;4.3;7.15;15.77;47.49;2.73;6.59;11.41;130.16;81.01;3.77;2.93;8.27;66.23;26.03;9.68;5.78;7.7
HF_U06_Ma1;5;60;30;BornW;Wild;02/03/2022;39.49;11.97;4.19;6.5;5.85;96.9;59.56;80.61;52.88;37.05;15.71;15.45;5.6;16;32.57;86.95;4.08;11.99;20.56;239.09;177.54;8.14;3.22;14.81;60.14;44.99;16.1;10.85;16.54
HF_U08_Ma1;5;58;30;BornW;Wild;02/03/2022;41.04;15.76;5.68;8.33;6.92;90.21;76.4;86.14;33.73;38.4;10.93;13.48;7.68;17.84;27.64;57.02;3.74;7.95;16.25;155.4;110.22;3.86;2.06;9.78;62.51;31.71;8.84;8.41;9.05
HF_U01_Ma2;5;58;30;BornW;Wild;01/06/2022;25.04;11.64;4.75;7.31;5.97;93.93;59.93;65.72;70.5;42.92;17.11;14.53;8.27;9.42;26.86;99.04;5.69;12.98;20.81;251.94;137.23;15.14;7.49;4.61;104.78;71.25;12.31;9.97;19.18
HF_U02_Ma2;5;58.6;30;BornW;Wild;01/06/2022;13.81;5.7;2.16;3.27;3.57;52.44;30.39;41.96;40.07;25.42;10.54;7.85;5.41;8.24;18.78;59.15;2.86;8.51;13.89;137.89;91.42;10.82;4.88;2.85;160.89;35.39;8.26;7.12;15.09
HF_U03_Ma2;5;59.6;30;BornW;Wild;01/06/2022;6.56;2.7;NA;3.74;NA;36.38;6.69;24.11;40.58;23.66;8.57;8.6;NA;3.36;13.45;59.26;2.79;6.46;14.88;146.22;52.85;9.82;4.59;2.46;91.75;44.98;5.04;9.25;9.25
HF_U05_Ma2;5;56.6;30;BornW;Wild;01/06/2022;10.61;5.53;2.34;3.76;3.81;57.72;16.73;41.27;45.28;17.94;9.8;5.1;2.87;5.3;10.71;36.57;2.37;5.63;10.6;103.23;58.06;6.99;4.35;2.94;136.35;25.96;6.58;4.2;7.79
HF_U06_Ma2;5;58.8;30;BornW;Wild;01/06/2022;55.63;24.09;8.51;11.91;12.25;152.39;145.29;122.12;63.83;75.29;20.41;19.7;14.63;26.2;38.34;119.72;8.35;18.93;25.95;293.46;254.15;23.15;9.45;5.71;105.37;74.1;21.09;23.16;25.71
HF_F04_Ma4;5;70.5;30;BornW;Wild;11/10/2022;29.18;16.11;5.68;6.12;6.64;105.12;35.67;63.97;48.91;41.33;18.32;14.62;14.51;22.66;24.18;97.62;5.23;18.67;12.67;192.56;142.42;5.35;5.03;18.47;59.39;49.14;6.98;6.5;13.14
HF_F07_Ma4;5;67.9;30;BornW;Wild;11/10/2022;40.34;22.59;7.63;10.12;11.32;145.22;61.24;78.92;66.33;43.23;30.21;14.6;11.19;20.73;29.62;125.57;5;19.49;17.09;236.34;168.42;7.26;6.09;19.3;69.66;55.21;10.83;10.78;19.02
HF_M02_Ma4;5;66.9;30;BornW;Wild;11/10/2022;47.54;26.52;9.01;9.45;11.52;93.36;58.35;80.7;39.03;57.12;15.17;18.46;16.77;26.86;30.01;102.92;5.68;19.11;16.5;203.55;151.86;5.27;5.46;17.72;55.14;48.81;10.41;8.83;12.33
HF_M03_Ma4;5;63.8;30;BornW;Wild;11/10/2022;47.26;22.95;7.66;8.57;9.36;128.2;50.2;81.6;54.08;57.27;22.51;16.24;23.16;35.79;30.27;104.06;4.5;24.62;22.28;207.45;144.72;9.12;4.4;17.83;50.1;13.23;6.93;8.89;20.75
HF_M05_Ma4;5;69;30;BornW;Wild;11/10/2022;47.62;26.68;8.69;10.61;11.31;103.87;56.79;97.48;50.26;77.21;21.08;22;24.33;29.37;39.88;148.97;7.51;27.38;20.16;308.15;205.13;8.28;7.03;21.37;57.64;69.68;11.71;10.31;17.65
HF_U01_Ma4;5;67.1;30;BornW;Wild;11/10/2022;26.96;15.35;4.92;7.77;7.58;113.1;28.99;78.21;70.57;49.61;25.41;17.32;14.13;15.5;27.45;130.09;5.25;21.84;15.07;257.19;145.58;6.11;6.08;16.79;65.65;66.51;10.75;7.5;16.97
HF_F08_Ma3;5;74.2;30;BornW;Wild;11/10/2022;36.39;13.16;5.6;11.04;7.15;172.87;25.88;63.43;62.78;37.9;16.85;14.93;5.01;7.74;25.04;109.39;4.58;14.51;15.14;281.71;100.97;7.97;3.59;19.39;53.32;49.47;12.06;5.76;12.68
HF_M04_Ma3;5;75.7;30;BornW;Wild;11/10/2022;37.82;13.82;5.56;10.95;6.74;168.05;41.67;61.65;50.99;33.72;18.16;14.6;5.98;6.38;23.51;94.45;4.26;12.53;15.11;244.43;99.76;6.74;3.4;12.53;51.38;48.35;10.11;4.9;11.95
HF_M11_Ma3;5;74.7;30;BornW;Wild;11/10/2022;31.07;9.96;3.72;7.53;5.95;160.77;27.34;120.93;43.96;33.03;17.74;12.63;6.08;10.45;24.24;103.34;4.35;12.82;15.42;250.33;95.6;6.06;4.92;19.68;63.62;50.38;10.07;6.81;14.82
HF_M12_Ma3;5;71.6;30;BornW;Wild;11/10/2022;21.58;10.44;4.01;5.34;4.61;75.56;26.41;49.75;56.98;28.68;17.91;9.43;4.04;9.07;15.18;72.32;3.17;8.6;10.16;174.27;70.63;4.92;2.61;11.26;51.13;35.02;7.28;5.6;9.76
HF_M14_Ma3;5;71;30;BornW;Wild;11/10/2022;61.9;20.11;7.33;14.51;10.95;233.59;59.69;91.43;44.24;52.88;20.29;20.97;10.42;31.22;36.23;156.15;5.78;23.02;24.29;368.36;176.54;13.45;4.91;24.22;55.58;70.5;26.26;17.79;21.08
HF_U01_Ma3;5;67.7;30;BornW;Wild;11/10/2022;35.02;11.12;3.68;9.24;6.06;121.03;36.8;73.23;81.92;54.91;21.41;19.4;7.11;5.53;26.94;131.93;4.83;15.61;21.21;273.99;107.9;9.85;4;17.32;76.61;58.48;12.86;7.29;17.25
HF_F05_Vig;6;68.9;30;BornW;Wild;09/05/2022;203.53;124.72;46.41;46.42;70.8;396.77;222.23;147.32;108.57;130.91;51.48;25.42;27.44;35.09;46.36;108.31;10.88;25.49;29.03;345.67;229.39;25.02;3.08;21.73;58.7;45.19;18.59;20.05;16.49
HF_F06_Vig;6;69;30;BornW;Wild;09/05/2022;271.57;175.22;74.93;62.79;93.77;477.52;405.54;260.84;146.39;233.22;84.77;42.57;47.36;67.06;71.99;152.19;17.66;44.18;33.68;538.41;432.45;34.56;5.49;44.89;100.59;87;30.97;43.37;29.47
HF_F08_Vig;6;76.3;30;BornW;Wild;09/05/2022;176.21;114.16;44.43;41.09;65.55;310.57;233.45;165.75;120.05;152.6;55.68;29.9;33.46;39.3;53.58;133.91;11.2;35.98;27.08;445.55;265.11;35.08;5.09;31.38;63.87;63.3;20.67;22.7;25.24
HF_M07_Vig;6;75.3;30;BornW;Wild;09/05/2022;191.95;106.34;40.02;40.69;62.03;313.49;263.73;159.3;133.74;157.83;51.67;24.22;31.01;45.93;43.41;120.68;11.9;28.35;23.06;404.43;312.01;32.12;4.19;28.78;68.43;54.88;20.2;23.44;19.47
HF_U01_Vig;6;66;30;BornW;Wild;09/05/2022;232.03;121.46;49.72;47.21;68.07;366.91;314.77;198.37;154.9;173.25;70.12;29.77;39.46;54.9;48.71;110.91;13.89;31.93;26.13;374.59;367.13;29.6;3.77;28.44;76.54;49.07;20.54;30.69;18.7
HF_U03_Vig;6;79.6;30;BornW;Wild;09/05/2022;288.55;176.71;66.67;62.64;100.9;479.12;441.45;271.72;164.17;285.6;69.31;47.96;43.59;60.03;94.19;228.81;22.83;57.44;48.05;774.65;594.91;73.63;9.85;60.95;84.28;97.49;42.99;46.86;48.16
HF_F02 BL3;7;67.4;30;BornW;Cap&Caged;02/07/2021;65.26;52.9;18.75;19.07;29.27;159.6;99.22;134.02;170.8;121.12;48.92;37.97;18.39;23.85;82.69;251.89;17.8;37.72;51.5;725.46;372.05;39.95;8.71;43.58;164.65;190.18;36.65;56.95;73.99
HF_F03 BL3;7;71.1;30;BornW;Cap&Caged;02/07/2021;16.08;10.85;4.48;5.07;7.67;74.1;25.05;78.88;81.6;72.06;24.12;26.1;12.16;5.69;59.85;179.14;11.85;33.71;47.26;589.21;295.36;32.86;9.73;37.49;180.81;181.77;28.26;20.37;57.21
HF_F04 BL3;7;75.8;30;BornW;Cap&Caged;02/07/2021;20.28;16.17;7.83;7.86;8.56;65.21;24.94;58.84;68.28;50.2;19.86;20.2;8.98;4.67;53.56;173.87;9.63;25.06;36.59;525.07;248.26;28.39;9.35;32.29;164.51;153.79;21.91;15.48;51.06
HF_F05 BL3;7;68.2;30;BornW;Cap&Caged;02/07/2021;41.08;29.12;13.44;15.98;15.06;118.87;51.33;94.23;106.24;75.26;30.99;24.93;12.32;10.21;57.19;145.59;11.47;25.68;33.58;440.62;237.98;27.3;8.77;29.74;177.48;131.19;20.55;26.2;57.07
HF_F08 BL3;7;73.4;30;BornW;Cap&Caged;02/07/2021;13.41;10.66;4.49;4.91;7.36;51.34;24.06;58.15;62.44;67.86;20.42;22.17;11.83;5.53;54.52;172.85;10.28;28.7;40.21;547.42;244.89;31.4;7.85;31.78;183.14;164.81;32.5;24.33;52.02
HF_M01 BL3;7;83;30;BornW;Cap&Caged;02/07/2021;25.14;16.09;7.5;12.99;10.01;79.2;30.4;61.8;62.6;61.57;22.71;19.06;10.88;6.07;48.55;141.85;8.97;23.41;35.76;445.2;234.91;26.08;7.4;23.29;162.81;126.83;21.97;19.7;39.63
HF_M06 BL3;7;54.4;30;BornW;Cap&Caged;02/07/2021;25.95;13.37;5.55;8.52;9.1;151.4;28.54;117.19;152.11;53.63;47.67;15.32;9.07;5.07;41.46;137.6;8.4;21.72;29.06;416.06;182.06;22.8;7.91;23.14;170.32;121.16;20.05;21.11;46.26
HF_M07_BL3;7;67.3;30;BornW;Cap&Caged;02/07/2021;11.95;8.22;3.7;3.86;5.2;53.98;21.11;55.36;70.49;51.2;19.9;18.35;7.65;2.49;48.2;149.82;10.19;23.99;35.03;458.65;211.93;26.55;8.68;31.24;158.9;146.69;23.1;16.15;50.01
HF_F11 BL4;7;55.2;30;BornW;Cap&Caged;02/07/2021;50.4;30.73;14.79;24.33;18.2;140.27;58.38;92.59;101.33;74.24;29.32;27.11;12;11.85;59.17;179.04;9.51;28.2;37.01;451.48;233.82;27.94;11.42;34.2;179.62;145.22;22.83;24.06;52.96
HF_M09 BL4;7;70.9;30;BornW;Cap&Caged;02/07/2021;47.21;38.73;13.85;13.45;21.89;101.33;64.92;105.52;62.07;82.95;21.37;35.99;11.93;12.99;68.68;206.59;12.17;30.59;48.43;524.43;263.67;30.33;10.17;39.69;172.66;157.89;28.17;51.55;45.78
HF_M10 BL4;7;69.8;30;BornW;Cap&Caged;02/07/2021;31.28;23.5;9.98;13.83;16.66;88.29;56.64;96.07;61.06;85.73;22.59;39.96;11.62;7.04;70.72;267.37;13.73;46.86;63.91;768.19;333.43;39.72;11.24;42.8;163.71;241.62;40.27;31.37;57.45
HF_M12_BL4;7;70;30;BornW;Cap&Caged;02/07/2021;25.51;19.76;8.19;7.19;11.55;74.3;45.63;77.57;85.88;77.5;26.39;31.13;7.9;9.84;67.2;243.76;13.52;39.74;48.42;564.47;308.61;38.08;12.63;38.61;179;209.44;38.11;35.8;69.26
HF_M13 BL4;7;69.3;30;BornW;Cap&Caged;02/07/2021;61.28;61.81;22.77;21.19;35.2;188.81;94.01;196.97;124.31;154.87;38.33;47.6;17.82;13.65;111.52;314.41;21.11;54.16;65.5;946.91;344.69;48.88;13.85;61.65;201.75;207.43;49.93;57.89;72.68
HF_M14 BL4;7;71.6;30;BornW;Cap&Caged;02/07/2021;33.76;19.02;7.83;9.44;10.54;101.77;51.09;90.17;128.85;67.88;37.86;29.98;10.27;9.84;64.74;195.41;10.65;31.08;40.83;536.03;262.15;28.84;11.84;31.88;174.1;154.19;24.28;25.27;44.7
HF_M16_BL4;7;60.8;30;BornW;Cap&Caged;02/07/2021;23.64;16.21;6.78;7.17;11;67.53;32.07;67.51;69.83;61.61;22.89;24.61;8.9;6.28;57.65;174.92;9.29;29.37;42.04;488.75;232.19;31.49;10.73;30.55;181.54;166.07;24.59;18.08;51.55
HF_F01StM;7;44.1;25;BornW;Cap&Caged;NA;19.54;8.99;2.89;3.38;6.45;44.84;17.4;55.99;18.68;44.56;3.21;19.99;2.33;3.84;37.06;127.55;5.81;22;31.8;318.99;164.81;64.81;5.89;25.08;184.62;109.71;23.49;17.28;38.87
HF_F02StM;7;35;30;BornW;Cap&Caged;NA;45.4;24.7;10.6;12.9;15.5;144.2;46.1;171.5;57.9;104.4;9.3;55.4;8;13.9;115.4;329.83;15.1;53.8;81.2;800.3;438.5;71.2;23.78;70.3;995.1;273.8;79.3;64.5;91.2
HF_M04StM;7;37.2;30;BornW;Cap&Caged;NA;91.2;75.1;34.1;25.6;46.9;222.3;232.1;336.1;101.7;280.1;53.1;95.3;32.1;62.4;220.7;671.33;45.3;126.4;142.9;1689.6;1134.5;140.2;45.99;148.8;1020;484.7;146.5;132.9;199.3
HF_M05StM;7;26.7;30;BornW;Cap&Caged;NA;53;35;15.7;16;24.9;129.2;97.4;152.5;59;130.8;16.6;48.5;16.4;27.9;128.9;366.58;22.5;75;90.1;1053.8;615.8;81.3;28.71;83.5;980.8;265.4;92;63.7;101.7
HF_M06StM;7;40.1;30;BornW;Cap&Caged;NA;77.9;58;23.3;20.8;34.8;154.1;140.6;285;92.1;284.4;21.8;102.4;28.1;35.7;246.4;889.94;47.2;156.9;177.3;2305.7;1316.3;182;60.65;162;1054.2;682.5;127;101.4;270.9
HF_M07StM;7;51.9;30;BornW;Cap&Caged;NA;226.2;155.8;63.2;52;90.2;385.1;557.2;496.1;182.5;407.1;78.8;118.9;55.2;140.8;264;654.73;54.8;133.8;146.4;1693.2;1552.4;144;48.27;157.3;980.1;437.2;121.5;174;194.2
HF_B02 STM;7;39.1;30;BornW;Cap&Caged;03/03/2021;10.78;3.39;NA;2.45;3.46;84.9;19.09;134.67;39.18;76.82;21.99;34.87;9.05;3.41;56.05;231.15;11.01;40.7;51.93;678.01;318.8;31.91;11.7;35.83;178.17;203.3;24.46;9.12;43.57
HF_B04 STM;7;67.4;30;BornW;Cap&Caged;03/03/2021;25;3.76;NA;5.24;3.42;82.37;31.45;64.97;129.95;37.86;35.33;22.2;7.14;2.54;41.96;223.11;6.06;27.59;36.62;539.61;204.49;25.24;10.08;26.82;181.76;192.55;19.53;7.6;49.96
HF_B07 STM;7;42.8;30;BornW;Cap&Caged;03/03/2021;6.87;5.18;NA;NA;3.6;25.92;6.81;34.75;19.61;17.78;8.27;15.55;NA;NA;28.81;99.75;4.7;17;27.37;349.35;122.33;16.24;3.84;15.76;168.98;86.88;12.57;6.16;20.46
HF_B14 STM;7;69;30;BornW;Cap&Caged;03/03/2021;14.16;4.31;NA;5.59;3.51;95.87;13.72;68.48;154.51;34.59;48.22;24.77;6.51;NA;47.52;178.8;7.02;25.44;36.41;529.93;191.46;26.87;9.44;26.85;183.8;154.54;20.54;7.03;44.47
HF_B19 STM;7;69.5;30;BornW;Cap&Caged;03/03/2021;22.16;21.39;6.61;6.5;13.51;86.22;33.86;112.6;129.21;106.5;39.6;52.92;13.68;6.06;93.84;295.87;18.54;60.22;70.6;956.73;399.68;47.74;12.8;42.51;161.95;272.64;45.3;24.05;66.72
HF_B25 STM;7;37.1;30;BornW;Cap&Caged;03/03/2021;5.46;NA;NA;NA;NA;31.46;13.78;43.6;37.98;22.02;14.82;17.5;5.03;NA;37.13;132.47;5.77;23.51;32.26;449.46;142.19;22.59;8.45;21.34;193.12;137.9;14.42;4.45;31.04
HF_B28 STM;7;45.1;30;BornW;Cap&Caged;03/03/2021;8.46;11.98;3.64;2.81;8.23;34.63;13.29;47.25;34.15;31.35;12.72;17.79;4.19;NA;38.12;132.3;7.48;22.58;30.64;352.55;212.61;22.48;6.82;20.56;198.73;121.33;19.03;13.33;32.68
HF_B29 STM;7;69.6;30;BornW;Cap&Caged;03/03/2021;14.54;9.44;2.9;5.75;6.62;61.32;19.78;60.9;87.86;58.36;26.82;26.29;7.94;NA;52.18;201.2;12.53;30.42;42.77;647.85;219.36;27.99;9.18;29.9;142.73;168.74;17.87;12.17;33.41
HF_J01 STM;7;49.8;30;BornW;Cap&Caged;03/03/2021;21.87;7.35;3.04;11.83;4.94;154.32;18.36;103.19;140.84;107.2;45.05;27.95;21.7;7.27;57;270.01;15.77;38.27;61.19;752.74;303.78;34.97;12.9;46.06;193.27;234.22;24.83;8.23;56.35
HF_J05 STM;7;53.5;30;BornW;Cap&Caged;03/03/2021;9.93;9.04;3.5;3.82;5.35;30.13;27.4;39.83;22.91;53.87;8.8;15.6;8.6;5.1;31.69;126.91;7.31;19.33;26.3;358.29;176.47;15.65;5.64;20.95;193.26;115.7;13.12;9.83;27.76
HF_J10 STM;7;62.3;30;BornW;Cap&Caged;03/03/2021;5.47;3.17;NA;2.85;NA;41;5.07;44.25;45.88;22.25;16.51;14.88;4.61;NA;28.26;98.21;6.23;15.29;23.28;318.52;108.59;15.26;4.29;16.2;174.86;95.43;11.72;4.2;21.2
HF_J13 STM;7;53.3;30;BornW;Cap&Caged;03/03/2021;11.88;5.21;2.04;5.39;3.88;62.59;14.26;46.49;64.87;45.75;22.26;16.03;8.69;2.2;26.75;104.44;6.25;15.45;23.75;274.36;145.98;15.51;4.51;18.79;176.77;93.38;13.14;8.91;22.78
HF_J16 STM;7;53.8;30;BornW;Cap&Caged;03/03/2021;30.78;9.11;5.74;24.53;5.27;155.35;20.6;101.98;150.04;77.7;50.4;29.97;35.01;21.13;52.84;251.54;14.81;36.81;54;704.93;254.88;32.59;11.03;46.19;178.26;215.55;27.81;10.82;49.58
HF_J23 STM;7;42.1;30;BornW;Cap&Caged;03/03/2021;7.87;9.06;3.55;3.93;4.91;29.35;17.27;42.08;24.44;48.41;11.64;15.61;10.72;6.3;32.31;118.81;6.96;16.72;26.83;363.36;125.41;18.74;5.17;21.43;194.73;94.39;11.91;6.59;31.05
HF_J31 STM;7;56.5;30;BornW;Cap&Caged;03/03/2021;16.14;4.9;2.1;5.98;4.05;91.9;31.91;63.31;152.56;62.62;47.59;20.13;12.52;NA;49.36;209.89;9.5;26.89;40.98;620.72;199.76;27;10.29;33.9;185.36;186.92;16.14;8.52;46.09
HF_J39 STM;7;63.8;30;BornW;Cap&Caged;03/03/2021;9.06;10.02;3.04;5.56;5.44;37.67;35.38;53.87;21.13;45.62;8.41;22.35;8.31;4.71;38.84;136.73;8.61;22.82;34.96;395.92;167.16;21.64;4.86;22.7;199.31;125.31;21.02;9.19;32.41
HF_R06 STM;7;47.9;30;BornW;Cap&Caged;03/03/2021;7.37;2.53;NA;NA;2.63;28.59;6.97;52.52;33.27;51.23;10.12;28.54;6.29;NA;57.55;197.37;9.64;34.12;51.46;624.23;224.76;30.61;10.37;28.8;195.5;195.47;23.87;8.56;44.54
HF_R09 STM;7;74.3;30;BornW;Cap&Caged;03/03/2021;19.18;4.16;NA;8.59;3.48;97.77;24.12;104.62;82.48;31.35;35.05;28.27;6.8;2.56;55.27;202.47;10.56;34.13;42.38;612.63;250.01;27.13;11.6;32.92;216.49;186.78;30.73;7.89;39.93
HF_R12 STM;7;77.1;30;BornW;Cap&Caged;03/03/2021;13.25;15;4.52;6.42;9.72;87.75;15.81;65.85;158.36;66.69;49.29;28.49;9.35;2.63;62.44;228.56;12.62;38.38;47.68;723.5;286.17;34.37;10.96;34.01;195.05;223.19;21.56;17.92;54.62
HF_R17 STM;7;62.1;30;BornW;Cap&Caged;03/03/2021;16.36;25.8;7.42;7.07;15.04;119.85;23.93;97.41;231.6;67.77;70.39;36.29;9.15;NA;70.91;234.5;11.79;41.34;45.87;691.33;312.79;35.43;8.09;33.62;207.69;207.88;28.33;25.72;52.06
HF_R18 STM;7;40.2;30;BornW;Cap&Caged;03/03/2021;5.45;6.9;2.2;NA;4.6;28.85;13.53;42.35;30.27;25.2;10.92;21.23;NA;NA;31.57;100.84;5.88;20.37;25.56;305.51;133.43;14.26;6.88;19.33;155.52;93.26;12.01;7.32;18.99
HF_R32 STM;7;62.9;30;BornW;Cap&Caged;03/03/2021;8.1;7.21;2.45;3.44;5.07;74.18;16.18;51.65;125.4;50.37;37.25;14.86;7.75;NA;39.46;139.9;7.06;21.69;33.55;443.08;163.92;19.68;6.73;19.11;194.23;125.91;19.61;7.75;32.32
HF_R35 STM;7;39;30;BornW;Cap&Caged;03/03/2021;6.32;4.69;NA;NA;3.05;33.74;13.87;34.14;23.21;22.73;6.42;9.95;NA;NA;19.29;63.08;3.71;9.85;16.9;172.09;71.17;9.73;4.3;11;164.22;50.52;8.23;6.16;13.38
HF_R40 STM;7;50.8;30;BornW;Cap&Caged;03/03/2021;10.99;9.42;3.12;3.22;8.7;48.43;73.72;99.37;43.32;67.19;15.4;41.12;8.31;3.97;76.45;262.67;16.65;46.72;64.93;744.71;379.56;39.99;11.88;47.13;192.8;239.22;44.94;18.93;55.06
HF_V03 STM;7;50.7;30;BornW;Cap&Caged;03/03/2021;15.05;15.89;5.63;3.81;8.52;37.46;24.77;63.35;17.77;40.15;7.19;22.23;5.68;4.76;37.78;107.65;5.68;15.31;29.76;260.38;150.79;21.41;4.82;21.5;156.92;105.75;13.41;9.68;27.12
HF_V08 STM;7;65.6;30;BornW;Cap&Caged;03/03/2021;14.47;6.49;2.53;7.98;4.44;85.34;16.92;99.98;87.69;64.9;31.1;38.33;10.55;3.86;71.58;256.83;13.85;46.42;56.61;787.81;365.09;36.53;10.95;47.68;201.3;224.07;40.82;13.26;52.91
HF_V11 STM;7;57.5;30;BornW;Cap&Caged;03/03/2021;26.54;5.82;2.36;6.89;5.52;79.32;79.08;68.2;153.44;98.35;21.46;21.87;12.23;4.22;60.56;262.11;12.1;38.71;43.64;616.81;318.7;30.03;13.98;35.63;186.15;221.13;24.62;14.78;75.09
HF_V20 STM;7;58.2;30;BornW;Cap&Caged;03/03/2021;9.57;8.43;3.75;3.83;4.93;25.1;12.33;28.29;15.79;17.93;7.38;10.06;3.89;2.31;26.55;47.93;3.33;8.48;13.17;135.86;61.58;8.24;2.69;8.34;178.68;42.44;6.84;5.16;12.01
HF_V22 STM;7;50.2;30;BornW;Cap&Caged;03/03/2021;5.79;3.83;NA;NA;3.76;35.67;8.98;55.7;30.88;60.67;9.07;19.38;7.57;NA;36.59;184.15;8.04;26.33;32.97;510.23;287.64;23.14;9.68;27.01;185.61;179.25;18.22;11.04;41.4
HF_V27 STM;7;58.1;30;BornW;Cap&Caged;03/03/2021;18.47;3.34;NA;2.72;3.31;46.26;16.62;53.38;73.03;37.84;18.15;26.34;8.41;2.41;45.41;180.13;9.03;32.55;44.47;571.02;270.64;24.01;7.54;25.7;173.14;165.78;27.2;10.98;33.12
HF_V30 STM;7;52.9;30;BornW;Cap&Caged;03/03/2021;16.13;8.99;3.24;6.94;5.22;70.26;27.98;66.2;57.95;43.57;22.56;22.69;7.39;2.44;52.92;176.96;6.11;21.19;38.17;578.97;150.91;26.1;8.49;28.37;187.62;141.18;17.99;6.72;42.35
HF_V36 STM;7;47.2;30;BornW;Cap&Caged;03/03/2021;5.01;6.76;2.21;NA;3.99;22.74;9.1;49.13;7.73;16.29;3.76;20.02;NA;NA;43.81;86.21;3.83;13.31;31.19;212.37;66.11;24.02;5.52;19.92;186.89;93.26;14.46;3.34;34.92
HF_U01 Ole;8;67;30;BornW;Cap&Caged;30/09/2021;46.82;56.21;17.94;28.76;20.21;161.56;90.39;119.93;129.13;168.62;59.11;42.92;26.8;18.19;73.45;306.68;21.71;54.71;76.09;667.26;314.42;53.37;20.47;83.57;169.87;205.84;28.86;37.26;64.55
HF_U02 Ole;8;73.2;30;BornW;Cap&Caged;30/09/2021;31.84;28.69;13;20.4;11.84;151.23;49.23;95.52;200.5;109.85;77.56;33.67;20.38;9.26;55.39;290.18;15.29;43.37;58.77;520.71;235.77;37.32;16.78;49.48;231.55;208.17;32.38;19.21;75.56
HF_U03 Ole;8;72.9;30;BornW;Cap&Caged;30/09/2021;91.98;64.18;20.66;37.66;25.65;241.24;186.32;232.06;160.5;182.93;68.22;72.99;25.17;34.59;83.54;343.29;27.25;63.24;90.75;827.55;515.54;60.16;18.27;63.09;193.54;285.09;50.32;63.84;59.83
HF_U04 Ole;8;63.6;30;BornW;Cap&Caged;30/09/2021;168.7;166.48;65.15;104.34;63.66;541.93;297.72;322.96;169.86;335.59;82.34;69.24;62.74;60.34;101.03;288.38;39.27;53.29;74.6;550.55;493.42;70.86;18.51;79.85;196.61;163.79;47.63;93.36;66.35
HF_F01_Fr2;9;64.3;30;BornW;Cap&Caged;11/10/2022;66.04;66.98;22.06;20.56;23.41;162.19;107.51;111.08;91.94;117.9;47.76;22.73;19.11;18.17;36.02;158.36;8.41;33.57;21.43;267.83;193.13;8.68;10.51;24.92;67.72;63.75;13.09;25.97;18.08
HF_F02_Fr2;9;74.8;30;BornW;Cap&Caged;11/10/2022;75.57;42.65;29.34;22.19;22.44;585.59;102.12;410.71;86.02;120.91;70.34;46.04;21.99;9.61;70.33;291.09;33.61;76.96;28.48;805.05;306.45;22.43;25.01;70.23;57.04;132.43;32.36;13.07;61.16
HF_F03_Fr2;9;67.1;30;BornW;Cap&Caged;11/10/2022;73.17;66.45;20.4;21.99;23.71;230.1;120.03;138.7;152.49;128.01;66.79;31.6;22.39;21.59;44.53;178.97;12.3;40.88;25.68;305.47;247.52;8.18;13.39;32.45;87.99;87.36;15.2;30.4;24.56
HF_M04_Fr2;9;70.7;30;BornW;Cap&Caged;11/10/2022;36.91;28.78;10.22;9.53;9.89;107.6;48.77;59.36;89.26;61.1;33.47;12.43;9.67;8.41;20.74;100.42;5.01;20.36;12.83;183.05;113.44;5.36;5.31;13.88;41.13;42.15;7.49;9.79;14.2
HF_M05_Fr2;9;63.7;30;BornW;Cap&Caged;11/10/2022;83.16;100.26;28.74;31.5;34.44;218.62;130.99;126.96;118.89;146.7;57.04;25.94;26.11;17.67;35.77;150.13;10.9;32.66;17.86;267.12;182.12;9.67;9.34;22.99;58.15;57.04;14.44;29.35;22.6
HF_M06_Fr2;9;63.7;30;BornW;Cap&Caged;11/10/2022;78.23;65.06;22.06;20.1;22.63;206.52;109.07;119.89;155.48;126.94;64.03;25.47;21.31;21.79;41.25;172.96;12.04;39.76;21.32;251.57;214.45;7.24;11.28;28.12;67.51;67.44;14.38;29.64;23.2
HF_J01BeM;10;17.3;30;BornCap;BornCap;12/06/2019;52.4;15.2;3.5;11.3;4.3;106.1;44.1;160.3;77.1;134;15.8;49.7;16.9;15.1;118.6;587.76;18.4;112.8;168.9;1174.1;883.1;129.4;51.54;160.6;832.7;318.5;86.9;61.2;147.3
HF_J02BeM;10;17.1;30;BornCap;BornCap;12/06/2019;48.79;35.99;5.38;14.14;4.6;118.51;29.63;151.34;61.05;89.48;11.12;48.47;8.39;11.18;96.53;456.67;17.13;91.44;165.06;1067.49;566.89;103.52;38.02;86.49;1082.91;281.77;76.76;47.05;120.57
HF_J03BeM;10;30.1;30;BornCap;BornCap;12/06/2019;183.12;58.32;10.42;15.54;14.11;202.84;241.76;234.47;227.9;227.85;84.36;57.41;38.39;53.83;130.87;538.37;30.24;135.23;177.64;966.73;868.72;100.22;22.67;139.12;438.57;253.57;95.47;130.82;174.55
HF_J04BeM;10;15.4;30;BornCap;BornCap;12/06/2019;39;18.6;4.3;11.2;5.3;89.1;40.2;178.3;74.3;167.5;15.2;61.3;21.7;19;136.3;672.72;29;153.9;209.5;1175;1132.5;144.6;54.39;196.8;1078.8;350.6;120.7;98.9;245.1
HF_J05BeM;10;22.4;30;BornCap;BornCap;12/06/2019;83;36.3;8.8;17;9.6;131.1;91.1;224.1;103.4;181.4;23.9;64.4;26.2;32.7;140.8;656.58;27.2;134.5;205.8;1318;1010.4;148.1;58.7;175.1;905.4;321.6;102.1;80.3;207.6
HF_U01 AqB;11;63.5;30;BornCap;BornCap;06/07/2021;31.24;105.13;29.05;42.8;22.76;138.41;59.32;125.28;83.56;234.94;46.9;49.44;89.5;20.61;52.38;382.32;18.64;68.18;66.23;570.2;505.7;44.89;17.44;97.15;163.53;207.54;16.37;26;75.24
HF_U02 AqB;11;55.1;30;BornCap;BornCap;06/07/2021;77;202.6;64.13;85.94;34.32;238.71;128.23;219.29;93.21;254.34;63.36;64.34;125.94;38.88;61.81;381.43;20.02;60.62;71.54;552.46;386.84;52.02;19.64;120.82;185.99;188.01;19.87;34.67;87.69
HF_U03 AqB;11;47.3;30;BornCap;BornCap;06/07/2021;35.54;129.84;40.94;42.24;25.6;116.06;97;127.66;79;224.2;60.21;44.4;133.26;33.86;45.66;323.43;18.09;61.01;51.52;349.39;398.66;39.5;14.66;103.95;185.93;141.25;15.15;26.6;83.5
HF_U04 AqB;11;52.2;30;BornCap;BornCap;06/07/2021;41.97;116.31;36.39;47.72;22.53;147.89;83.84;125.13;104.53;223.51;60.89;36.9;139.15;34.54;39;296.73;16.53;54.44;42.09;281.74;414.05;37.71;14.4;85.02;182.08;146.87;10.85;25.37;71.22
HF_U05 AqB;11;56.6;30;BornCap;BornCap;06/07/2021;34.62;122.08;32.91;31.12;25.18;110.28;84.58;120.63;90.95;246.62;49.01;43.84;99.34;28.91;46.96;355.9;18.71;65.3;50.07;399.81;442.28;40.37;16.34;111.44;180.78;165.4;16.87;23.57;77.25
HF_U06 AqB;11;59.2;30;BornCap;BornCap;06/07/2021;36.67;110.42;34.57;44.47;20.52;134.2;81.98;117.21;83.68;214.01;47.16;42.41;89.32;25.59;45.21;313;14.09;53.32;51.83;448.67;341.55;38.94;16.19;78.56;184.69;172.58;11.2;18.47;68.98
HF_U07 AqB;11;61.8;30;BornCap;BornCap;06/07/2021;42;152.89;50.39;52.6;27.17;143.9;83.14;154.82;86.1;248.06;76.95;57.48;156.39;32.19;57.15;462.85;22.14;84.75;75.25;503.53;597.65;53.51;22.88;160.22;197.42;218.87;15.39;29.67;100.67
HF_U08 AqB;11;58.9;30;BornCap;BornCap;06/07/2021;52.97;170.77;53.47;71.16;31.86;192.75;106.59;182.95;92.87;281.1;65.33;64.15;152.21;45.85;59.38;398.28;22.42;72.85;67.12;476.62;598.71;50.03;15.67;119.9;169.34;189.09;20.28;37.39;86.88
HF_U01 Plo;12;63.6;30;BornCap;BornCap;02/11/2021;95.62;57.23;15.99;30.07;30.13;258.36;190.51;222;210.35;304.62;61.68;53.84;40.62;32.88;122.4;474.46;34;64.93;77.06;1103.91;541.08;72.49;14.92;113.63;202.34;298.97;36.37;60.28;127.16
HF_U02 Plo;12;71;30;BornCap;BornCap;02/11/2021;198.04;131.81;54.98;47.71;53.11;370.13;218.39;277.18;228.57;320.33;87.21;55.98;56.68;49.28;185.65;599.6;43.39;84.72;63.27;1099.42;646.58;72.4;22.36;112.45;194.22;254.84;29.13;66.8;220.44
HF_U03 Plo;12;71;30;BornCap;BornCap;02/11/2021;176.95;132.56;52.45;51.99;56.13;345.76;208.64;256.37;180.75;321.21;71.37;56.14;52.49;41.44;162.03;481.34;38.69;67.9;63.04;874.8;616.18;77.37;18.76;109.59;218.23;206.53;34.24;63.61;197.64
HF_U04 Plo;12;73.1;30;BornCap;BornCap;02/11/2021;255.13;150.35;59.02;59.91;66.16;482.02;304.75;376.12;382.4;460.53;111.83;76.72;82.11;76.3;233.57;681.12;54.62;113.06;67.84;1153.33;788.57;90.11;26.89;128.49;208.28;245.7;34.77;101.65;238.71
HF_U05 Plo;12;68.6;30;BornCap;BornCap;02/11/2021;187.45;151.28;57.39;53.7;66.09;413.13;208.73;348.12;204.93;327.27;66.62;64.47;53.24;43.7;175.27;504.12;44.79;70.59;64.8;917.07;583.72;69.46;16.77;112.62;195.2;205.59;35.5;71.25;170.49
HF_U06 Plo;12;71;30;BornCap;BornCap;02/11/2021;162.96;107.57;37.06;42.53;47.7;307.68;199.74;236.12;232.91;278.06;79.08;51.7;44.14;38.58;163.37;437;37.06;60.29;56.85;872.87;496.28;66.89;20.12;84.05;188.39;205.28;31.17;62.29;165.99
HF_U07 Plo;12;61;30;BornCap;BornCap;02/11/2021;232.4;153.67;57.95;65.26;72.76;487.45;279.42;307.72;275.53;407.19;88.41;62.68;69.15;58.51;179.94;573.92;48.07;81.72;74.11;1117.32;710.42;76.85;20.6;123.46;220.8;247.1;41.05;86.5;188.57
HF_U01 Can;13;65.2;30;BornCap;BornCap;09/09/2021;33.48;36.59;16.18;19.22;14.42;158.42;51.55;153.41;93.53;110.1;39.83;36.34;18.74;9.68;79.34;332.55;17.42;53.69;66.33;725.45;489.65;64.8;13.3;90.17;218.96;187.68;39.34;69.69;83.69
HF_U02 Can;13;68.1;30;BornCap;BornCap;09/09/2021;25.78;25.52;12.22;13.49;9.84;105.81;47.49;107.47;97.05;104.9;34.23;32.69;16.77;7.65;58.49;342.58;15.24;49.75;60.78;741.99;390.67;47.12;12.98;80.89;188.11;210.15;26.12;38.17;81.01
HF_U03 Can;13;63.1;30;BornCap;BornCap;09/09/2021;34.78;37.31;17.44;19.41;12.99;131.56;46.51;110.75;81.67;101.84;28.79;33.52;17.91;9.09;59.39;285.47;15.53;43.68;55.52;611.27;366.22;40.23;8.74;64.84;184.33;162.64;25.92;34.8;55.3
HF_U04 Can;13;63.7;30;BornCap;BornCap;09/09/2021;62.44;61.72;28.46;32.15;21.61;176.54;89.54;156.4;51.55;151.21;27.38;45.61;23.59;15.8;79.36;337.01;21.23;53.8;65.23;719.1;519.54;51.97;11.4;92.38;189.41;182.11;34.07;72.29;82.27
HF_U05 Can;13;60.8;30;BornCap;BornCap;09/09/2021;40.97;44.88;21.06;22.23;15.51;134.81;59.03;134.7;64.32;125.75;29.97;40.16;22.16;12.82;71.9;344.29;17.88;53.36;62.86;753.34;458.65;51.26;10.94;83.91;164;207.44;35.1;70.53;75.19
HF_U06 Can;13;62.5;30;BornCap;BornCap;09/09/2021;99.64;108.92;47.48;59.01;35.39;321.44;146.98;273.9;134.01;189.35;62.6;64.66;46.23;35.26;100.5;432.7;30.11;73.78;74.79;888.09;649.63;71.23;11.89;107.05;168.85;215.3;47;120.14;82.95
HF_U07 Can;13;65.1;30;BornCap;BornCap;09/09/2021;25.2;27;12.64;14.43;9.33;112.35;33.46;100.87;103.45;79;44.53;30.33;11.9;6.76;62.23;292.1;12.72;44.74;60.07;665.42;332;49.66;10.46;76.66;239.11;179.22;26.13;30.42;68.57
HF_U01 Bre;14;71.5;30;BornCap;BornCap;16/09/2021;228.8;210.77;58.46;102.19;83.54;474.15;363.27;418.2;157.12;331.15;64.46;90.23;39.33;70.21;145.63;368.44;56.99;66.6;100.4;573.41;778.34;73.63;16.21;120.73;198.94;166.91;64.51;271.31;69.24
HF_U02 Bre;14;71.1;30;BornCap;BornCap;16/09/2021;212.43;184.4;49.38;104.29;76.76;438.24;330.8;312.45;179.07;291.71;65.08;78.59;37.84;61.99;126.94;359.7;56.34;57.36;91.38;685.33;738.8;59.56;15.04;112.01;188.88;153.79;52.14;197.14;89.81
HF_U03 Bre;14;70.1;30;BornCap;BornCap;16/09/2021;82.45;82.71;22.18;44.14;37.49;212.3;147.15;149.97;85.34;161.28;32.24;44.57;20.54;23.36;77.14;246.11;33.01;38.78;72.69;515.22;468.64;46.92;11.18;92.58;190.14;110.51;39.91;118.35;67.58
HF_U04 Bre;14;73.3;30;BornCap;BornCap;16/09/2021;141.95;139.04;34.56;78.72;63.04;383;255.54;255.22;134.59;266.47;54.42;66.54;32.83;42.44;110.3;373.87;50.35;74.21;96.12;760.85;736.13;67.61;16.81;135.47;179.21;164.55;54.04;167.9;98.82
HF_U05 Bre;14;63.5;30;BornCap;BornCap;16/09/2021;210.09;122.88;36.25;77.01;52.85;415.78;388.47;335.85;142.52;288.61;51.38;70.97;45.38;89.69;115.8;353.66;50.93;55.17;80.61;580.14;834.62;62.72;15.65;105.02;163.57;147.64;45.58;223.25;87.77
HF_U06 Bre;14;71.7;30;BornCap;BornCap;16/09/2021;128.68;100.82;27.51;63.02;46.59;305.37;217.74;242.05;83.9;199.16;35.6;51.89;27.89;41.43;93.66;292.06;39.9;43.02;71.37;563.92;550.22;52.05;11.76;82.79;188.9;124.64;40.33;142.99;84.47